_id,event,chain_id,blocknumber,transaction_hash,ipfs_hash,timestamp,job_id,nonce,tx_receipt.gasUsed,tx_receipt.gasPrice,tx_receipt.from
686ef9aae934b4dac63bd1c0,Created,11155111,8676374,0x089bc3ff80aac727e6ca78d8abd8c357e80d2c2f25cfb7f7c0b0a7849de33617,QmVtWGxRFsJswsgPU5ni3cCaKq3p92yUbf2fpFbSSY1UP3,2025-07-02T13:29:12+00:00,,,,,
686ef9a9e934b4dac63bd1b0,Created,11155111,8676088,0x4bdb8529842070e00b21527374bdcab612a20e1d98b0a7f5d174c9abdac9dffa,QmU6R3X13ThR9C3hMS5BDXib7jMNsVKNhCc8pf9Gx2hVg7,2025-07-02T12:32:00+00:00,,,,,
686ef9a9e934b4dac63bd1b2,Created,11155111,8676090,0x71c09f499a7c84d6ffb3fc0952ccc6cfebe14c147446be4ec0bd66d53912f506,QmRarkdMFN8C1qrJ9CmejM1LqXEKTVfN3C9zGvUJ7JcuaW,2025-07-02T12:32:24+00:00,,,,,
686ef9a9e934b4dac63bd1b4,Created,11155111,8676253,0x5cea74ed82235bf81c01f815deee6024623e7d49ef0075be1d366db38f9761b7,QmUqdJRjuTSXwmZzWDS2HQb3rYQqw4uL2WxJvAqczRC3mh,2025-07-02T13:05:00+00:00,,,,,
686ef9aae934b4dac63bd1b6,Created,11155111,8676308,0xbb158b96e6a531e1e6c31eeeab41a635793dc762c5aa0bae7fdfb9eb63302af1,QmaJ4e3y4fZXTqQXTNRarULDUzr9vjzsarbt9pE8UnBVyY,2025-07-02T13:16:00+00:00,,,,,
686ef9aae934b4dac63bd1b8,Created,11155111,8676328,0x0a520fa982f9ed2e9d9682af28d0123b47809f06eec195364e77b3b221a71974,QmZidaPdGZHpouhb4kPNiFNqyQJv5pJuDg48r54zdrGCio,2025-07-02T13:20:00+00:00,,,,,
686ef9aae934b4dac63bd1ba,Created,11155111,8676337,0x7c8cd96116fb831e18b22ae260d3cae07f9c1df47ea11569ffb98fd054bf7c91,QmTSZLrS97F7CUkM7HujomUDwj8GhZ5KkFWUyHJ6aVMuG3,2025-07-02T13:21:48+00:00,,,,,
686ef9aae934b4dac63bd1bc,Created,11155111,8676350,0xf80ff0b8937067adff8874ea30440686b5c077c180e1dbc3add2d058b1b40763,QmRRMamtgZN5uJFohG8Z5Kqek2Y8z2L8yxPE9uR9qStpvB,2025-07-02T13:24:24+00:00,,,,,
686ef9aae934b4dac63bd1be,Created,11155111,8676361,0xd97c28ea2375072a083b09a0f59eee95374eb14def6f6fc0aecebf06ad74d8bf,QmRzUdjP9bdX5oS4UkCasqezTMSd1VD5jTJ9ubAQoYJEDi,2025-07-02T13:26:36+00:00,,,,,
686ef9aae934b4dac63bd1c2,Created,11155111,8676442,0xb617972190ba3833c7b9b6e7e14432f7e11938b0a08cd1c01f40aed792af293c,QmRBxGhX6pCmvjwrCYnBK3BjQAq3VYD232REMf8gutR9R1,2025-07-02T13:42:48+00:00,,,,,
686ef9aae934b4dac63bd1c4,Created,11155111,8676445,0x011b2bf5e661b0de61b94397552a472c8c75286a323826640297d9faa3ecc39f,QmQNGhcc5k79MiudtYfnQnxT9NPgXo98eZ8x8ZyHWMWEPh,2025-07-02T13:43:24+00:00,,,,,
686ef9aae934b4dac63bd1c6,Created,11155111,8676465,0x4bf0e132fafadc8f9f28714faf620d865c532dd591e8bed3b9963ba06afcbcc1,QmP9o2WEQRXxoYJiCeb1bFMqqUk63vHWABWPTNjiddXxqN,2025-07-02T13:47:24+00:00,,,,,
686ef9aae934b4dac63bd1c8,Created,11155111,8676467,0x054faf9b2e4d729e7b35d827c5789a8babe2b0f0218041089c50343c7b936cf4,QmVXZsi19pabvVx4EqXRZG8aNG3xQwKWnfxJT6uQJ8vosv,2025-07-02T13:47:48+00:00,,,,,
686ef9aae934b4dac63bd1ca,Created,11155111,8676482,0xedfac7846213e572a80ce0c752203556e81aff12ac5ec5d99fa56f01aeee2994,QmTFRJttW4dXfWtfr27iuTnei6wCiSB2UhGRxMZ67DYKjv,2025-07-02T13:50:48+00:00,,,,,
686ef9aae934b4dac63bd1cc,Created,11155111,8676503,0x75d085ec2c14503be72b805a6c44cb371f9d764fe09475d2054589ec4b2026fe,QmaB7wLJgLwVdSr9zeHJLGU4YZknChJt5cgTgkfpSo7vPP,2025-07-02T13:55:00+00:00,,,,,
686ef9aae934b4dac63bd1ce,Created,11155111,8676541,0xa76dbe72ebe82a648689de3b1aa5d0ae439b247bbc134841a1bbe4533e634cd5,QmYVgVotsWaS1uT2w9DgPPv7R35r7FHhFA4WLFddWVJxbU,2025-07-02T14:02:36+00:00,,,,,
686ef9aae934b4dac63bd1d0,Created,11155111,8676582,0xe4a1287f60675214928980c86350b1eb0c9050a844df73a3a0dcbeed00c3356a,QmQ1QJiepdQoDN8ba4erHUrBqh5a8gzCvgMqhpiNRzVY8U,2025-07-02T14:10:48+00:00,,,,,
686ef9aae934b4dac63bd1d2,Created,11155111,8676606,0xc87039462e577fbf614695cb1ac7ba628ed75361ddb69c58c9610c75a3b8ef54,QmTEtYUk9c4Hos1tTYGhSevk9dBfiW58J1tjNaBdxsL8cs,2025-07-02T14:15:36+00:00,,,,,
686ef9aae934b4dac63bd1d4,Created,11155111,8676609,0xd6bf331f76838c9d8c521e6b94a4116b81b3eca1260ce89d6547b6a4bcb46131,QmQaGFJ3e2c4PbzuEbVFbskqhqwPH8hhjdbQ1NkKxs38hr,2025-07-02T14:16:12+00:00,,,,,
686ef9aae934b4dac63bd1d6,Created,11155111,8676641,0x45d97d5f7fc2472c186530dbc615776ce0d7be74a74b67e7e94cca157b881d13,QmfAD43662EgLPvkh93ehSudt8QcJqGKr6R3gP2vwvFVT3,2025-07-02T14:22:36+00:00,,,,,
686ef9aae934b4dac63bd1d8,Created,11155111,8676685,0x27fbcff6be7a01216bce02f20373478b61977e23272b75ec0439b30c36af663c,QmRd3iQMEJcicAh1yFtrZa3EaqQTp5TntPkymw9oDgmU3P,2025-07-02T14:31:24+00:00,,,,,
686ef9aae934b4dac63bd1da,Created,11155111,8676730,0xf3af0a2febe1f3f6b401acabb2782c7e5b67f71e919f6f95baa79f6f1772c0a6,QmPdgjNVocWbFBXAS9uZYMt5gHoRef6uAFaevrkRmkSevh,2025-07-02T14:40:36+00:00,,,,,
686ef9aae934b4dac63bd1dc,Created,11155111,8676738,0xb0616399ce17e7b0d4b754136f519ae0982f7925d6d0e373f9ab54da3987a043,QmcUHxAtT4wL7YKQnnxmx2BRVTqd8dyJEXBUhuQCTNWNDb,2025-07-02T14:42:24+00:00,,,,,
686ef9aae934b4dac63bd1de,Created,11155111,8676741,0xce208f93a1d4cd67eac6ff694aa9747d459f0ba1c8a8705f0ec71fcc20a82a98,QmPnK31qYzHvQrcDZD5VF4ahRWcB7p4LWxEtBMtpSBVpaG,2025-07-02T14:43:00+00:00,,,,,
686ef9aae934b4dac63bd1e0,Created,11155111,8676752,0xd6559b4dccadbb3c42509bee4a7b72e1c876b1c20129a3f0374ccd6a50b241e0,QmZiziodq6STMCAvd953Fgv8mnceQF2JP6W1M2FeuiKUao,2025-07-02T14:45:12+00:00,,,,,
686ef9aae934b4dac63bd1e2,Created,11155111,8676759,0x942c91bbc1df2c09f76f9cac3ec97dd7fce74d7bac229e9ff22056f486a394ae,Qmf7ZqnwXKvZUbgpeZYvFvzbeKkW3xmAk7NDcRPBWFJh79,2025-07-02T14:46:36+00:00,,,,,
686ef9aae934b4dac63bd1e4,Created,11155111,8676777,0x62688e425ceacb5f21b4d7261feefb1fc82fbf6faea65bf150b8dd6eb3ab7a8c,QmYfn3Ge2khFWsWKxbjtiSwjGVFZVyyP4M1i6QvBQTkbBQ,2025-07-02T14:50:12+00:00,,,,,
686ef9aae934b4dac63bd1e6,Created,11155111,8676815,0x06f3cf0a49d822f04e2e0afd57cf17fb8aa8cc360ad9d2942536e060e46f62e6,QmUW7FQHc5ART25Gmfk66sfDVjadMn2iwtcdGCwCwgKmTM,2025-07-02T14:57:48+00:00,,,,,
686ef9aae934b4dac63bd1e8,Created,11155111,8676879,0x0b5eea706f060611a3cb633b62cd78d5ac04ffc6ced0af6e3a9752ffa5e81501,QmNpDoWN1AncGrLaw2yt3mYoC6qc5ZtFcjhkWnDnzSt2W8,2025-07-02T15:10:36+00:00,,,,,
686ef9abe934b4dac63bd1ea,Created,11155111,8682539,0x38bf23792c4a719ced787118249f408368c9f402f275a949a9ccf1ea100025c0,Qmed1g1fWXqW9qGzgHtudD8fJRYwTS1ATffW86fu2tezwJ,2025-07-03T10:04:00+00:00,,,,,
686ef9abe934b4dac63bd1ec,Created,11155111,8682604,0x1da4f12217e959d7c2c899a2f3aac95e0c461d7baefa516629ff79f3d403260a,QmdNPhW2E8oTm37r2HPTqsCUBPuhiheANrKQEortY3WFTX,2025-07-03T10:17:12+00:00,,,,,
686ef9abe934b4dac63bd1ee,Created,11155111,8682639,0xa998ea73626020d8625ca6dc8e681292a04e8f5de6de1f95975b6a08334d8a29,QmVosSkFaw3nJrHU3JsN77ph4VSyReAyNktjsR5E6vnN8M,2025-07-03T10:24:12+00:00,,,,,
686ef9abe934b4dac63bd1f0,Created,11155111,8682699,0xe12d3abc680ef75e233bc43f6683acba240c7b35b5474ebfa99828bd563c7e56,QmewKFNYMxgR1uULRTfFt4tVPSKKjTZcEVHVBqWHypsgxf,2025-07-03T10:36:12+00:00,,,,,
686ef9ace934b4dac63bd1f2,Created,11155111,8682708,0xde2c7dc7bfe226f84fb2c4c111bac6020797aeeabce2f7c0dcf6e6c1d86b262b,QmSwh9wcqRDWG9RuEPPUTd6W4WntwMoSAxBvH7guNc5Uit,2025-07-03T10:38:00+00:00,,,,,
686ef9ace934b4dac63bd1f4,Run,11155111,8682709,0xd7122c3e3da9dbfa2596fcc46421c1aea6783d08198b1ba0b4a890d45d86ad7c,QmSwh9wcqRDWG9RuEPPUTd6W4WntwMoSAxBvH7guNc5Uit,2025-07-03T10:38:12+00:00,mint-nft-job-sepolia,0,758249,5147289548,0x4337001Fff419768e088Ce247456c1B892888084
686ef9ace934b4dac63bd1f5,Created,11155111,8682732,0xbaf7b099dc8899e6bc247b62100ae1a5bf613c73fe320814eb40dcbe8923d8e8,QmdnRARz17gJVJ7iZ9LtKhB5BrMTR96ggdQPTQK2x2pbTm,2025-07-03T10:42:48+00:00,,,,,
686ef9ace934b4dac63bd1f7,Run,11155111,8682733,0xa6cc07479f0c38eb51219e107a410e5881eddff2be5df12a676be72f0893ea2c,QmdnRARz17gJVJ7iZ9LtKhB5BrMTR96ggdQPTQK2x2pbTm,2025-07-03T10:43:00+00:00,mint-nft-job-sepolia,0,327496,5011355666,0x4337002C5702CE424Cb62A56CA038e31e1D4A93d
686ef9ace934b4dac63bd1f8,Created,11155111,8682791,0xb15be25f64b4eccc495d64c17a1a4960538e1c7658cf797b8eb4578490467153,QmbuvR9diR1u1BycUvDGkW7kDQbiXXjq8Eo6EAVJScWt9E,2025-07-03T10:54:36+00:00,,,,,
686ef9ace934b4dac63bd1fa,Created,11155111,8682814,0x83dbd4a650e83e947b6a427e9202be5ac6548a018eb617e3d0dd8d697c5bb372,QmNxHmhXaDmCVFNZzEKf4F9jEgp2rGFMwBCKrd1wC6o5ut,2025-07-03T10:59:12+00:00,,,,,
686ef9ace934b4dac63bd1fc,Created,11155111,8682866,0xb93b69c7e100bc0d03db88c1dd69c411120ff8cce84b5744de1cc84e15aa5c55,QmcuAChzrBtQQWqetZkn8fjwDvhD19CsZsHYCMCUs3sf5Z,2025-07-03T11:09:36+00:00,,,,,
686ef9ace934b4dac63bd1fe,Run,11155111,8682867,0xaf65d498294f367ebd725b5baac1d5b1ffd4a7d117868a305929a6cfb358442d,QmcuAChzrBtQQWqetZkn8fjwDvhD19CsZsHYCMCUs3sf5Z,2025-07-03T11:09:48+00:00,mint-nft-job-sepolia,0,310420,3993292886,0x4337015333e7c8a3c5af4ACD2c4aA4bEfb0D663C
686ef9ace934b4dac63bd1ff,Created,11155111,8682872,0x43c33c50846cc457dfaf12c3208d30414b7826966fae23aacb60f11ba46327b5,QmX92p7CrQw6UivEGbdDW7Bar9DXWU3ZnXm7ZgMEQr4icc,2025-07-03T11:10:48+00:00,,,,,
686ef9ace934b4dac63bd201,Created,11155111,8682885,0xedb09a9b99967b01a0f33bfc1fccfc3324f3cc5d329125f5041ee7258aceb9c7,QmZmaN3vBgx8MZnAPf99Fg7JApVp14CvfxM49qMyKGsDAi,2025-07-03T11:13:24+00:00,,,,,
686ef9ace934b4dac63bd203,Created,11155111,8682887,0x5f47739f9df4a3d55c948da51afc9eb9bb66f8e710e51e5b295b3ceb2e4f5e54,QmQvPBdsXVUgJKBdU8BjdXKwwpxdvnPCfmjRHN7BH1KxTE,2025-07-03T11:13:48+00:00,,,,,
686ef9ace934b4dac63bd205,Run,11155111,8682923,0xb09501102cbf0829da533c953392d4cdfadfbc42f5faa316038666189fdf4c3a,QmQvPBdsXVUgJKBdU8BjdXKwwpxdvnPCfmjRHN7BH1KxTE,2025-07-03T11:21:00+00:00,mint-nft-job-sepolia,0,310432,5718864398,0x43370108f30Ee5Ed54A9565F37af3BE8502903f5
686ef9ace934b4dac63bd206,Created,11155111,8683202,0x206b329668caddc5f9eb218fe168b05e834118a00e34da39d31e241f1cef58dd,QmUtqsuSB5CUghSidhynxBrexvtXsq3zUekDAcdxJnrMDF,2025-07-03T12:16:48+00:00,,,,,
686ef9ace934b4dac63bd208,Created,11155111,8683208,0xbd82638e7a08dcca55db688856c42445728d720bc90ad04f1535236f01280da0,QmcnPmCgavhaLDdi1BmMgyZQUuNqop1ymfszSS3yxeSBhD,2025-07-03T12:18:00+00:00,,,,,
686ef9ace934b4dac63bd20a,Created,11155111,8684132,0xd52ea6be9a12b52c351e41ebf740feb36f816e36c851aa0f2f16eb47026eab82,Qmf2AeMP5sjifeSaSKCpJ23mhroVFkGBjmMv7RPLPKHzzy,2025-07-03T15:22:48+00:00,,,,,
686ef9ace934b4dac63bd20c,Created,11155111,8684142,0x0de3bb48764736d03b50d060389e6983166ce5d0da7e6397f4445b65527400a6,QmV9zzeTRpyTg3qn57XFejVrRcMshxbVs24ivMU2EN2MgU,2025-07-03T15:24:48+00:00,,,,,
686ef9ace934b4dac63bd20e,Run,11155111,8684143,0x47237993d51c25a3b122d3f913e967d999b12ee52f3b42f223aead65553ae70c,QmV9zzeTRpyTg3qn57XFejVrRcMshxbVs24ivMU2EN2MgU,2025-07-03T15:25:00+00:00,mint-nft-job-sepolia,0,310408,10456604895,0x43370188473A398394E4ba4a7C7cbb2c6265e22A
686ef9b1e934b4dac63bd20f,Created,11155111,8711036,0xc04188ea2563d1be7198bc7e1954fe2abaad2e3b9c12231f20b1e3eb44e90e7b,QmXWPCvyyGMUCiXX2V4AKWtRtwD1pfBBePgL4AJiDMwDBz,2025-07-07T09:13:12+00:00,,,,,
686ef9b1e934b4dac63bd211,Run,11155111,8711037,0xe5b417efc294e699dfb263760516c0d4e34d9ea0730970270d815a69090b1173,QmXWPCvyyGMUCiXX2V4AKWtRtwD1pfBBePgL4AJiDMwDBz,2025-07-07T09:13:24+00:00,mint-nft-job-sepolia,0,843975,5264684,0x4337004ec9c1417F1c7a26EBD4B4fbed6ACf9E5d
686ef9b1e934b4dac63bd212,Created,11155111,8711041,0x1aa392c3b4705200d0c1252fa5bcbf2a6ffe42347c26e29fb9a02a0daa0bf3e6,QmVqCxsM5Nwj3BQhCMEyDcUoGnwwFXfX1W8N2W5ddr5NzX,2025-07-07T09:14:12+00:00,,,,,
686ef9b1e934b4dac63bd214,Run,11155111,8711042,0xc3e25a6756c9ff7a484487b3e768042b8af1ba5fa309072530b26d2f76fe2f05,QmVqCxsM5Nwj3BQhCMEyDcUoGnwwFXfX1W8N2W5ddr5NzX,2025-07-07T09:14:24+00:00,mint-nft-job-sepolia,0,332869,6043394,0x4337013eF5Cd421ceF649fC58c1B0DEFD37BBeb1
686ef9b1e934b4dac63bd215,Created,11155111,8711046,0xcb7298b5f72a14d7b3e8986ffc3bbf822ddfe987832d93c309cd8d1cf492efa4,QmVa8CUHKngdRiWP7vmZcCMCV6bsKC4T5ke8jLGEi9ofnC,2025-07-07T09:15:12+00:00,,,,,
686ef9b1e934b4dac63bd217,Run,11155111,8711047,0x657c8497eabe4b0a51963b563fee431d81908d916a5b95a8d872812b451d5191,QmVa8CUHKngdRiWP7vmZcCMCV6bsKC4T5ke8jLGEi9ofnC,2025-07-07T09:15:24+00:00,mint-nft-job-sepolia,0,315769,6863191,0x43370188473A398394E4ba4a7C7cbb2c6265e22A
686ef9b1e934b4dac63bd218,Created,11155111,8711056,0xe30318ad017873410f00fe608a1f16cad5c36124bf52c75cfceea0aaa602b4dc,QmZimsqAR14SQig4cic9QR5ykStmCLg6h3bzT8Eb3pDnCu,2025-07-07T09:17:12+00:00,,,,,
686ef9b1e934b4dac63bd21a,Run,11155111,8711064,0x19a5eef2295c3dd257879f041009fa289742985c71f906f51e6ea833a3523a03,QmZimsqAR14SQig4cic9QR5ykStmCLg6h3bzT8Eb3pDnCu,2025-07-07T09:18:48+00:00,mint-nft-job-sepolia,0,315769,9545669,0x4337005db25DbAD41Da5692ba1188751eE5D98b6
686ef9b1e934b4dac63bd21b,Created,11155111,8711382,0xfeaff2785b074989d1ce1283482872f695e26fd62ebcee1e36164942f2532f86,QmbC3gsPTNrHCDNrRZ3fuXrbRkJCo6iVhx64Ek6zzaTAwm,2025-07-07T10:22:36+00:00,,,,,
686ef9b1e934b4dac63bd21d,Created,11155111,8711415,0x4400d015965d5a17e5cfe2916c83195a1323e23b2e597f65df4ed9f80daef9e7,QmebjyY8zyhNfuN1je7KCirsFhMLtNEJhorLs6cQx2JJvn,2025-07-07T10:29:12+00:00,,,,,
686ef9b1e934b4dac63bd21f,Run,11155111,8711420,0x8dbe0bf4f8e509b2f0059527bbee6964f23694c53be1b08e6057c9910c8dfd04,QmebjyY8zyhNfuN1je7KCirsFhMLtNEJhorLs6cQx2JJvn,2025-07-07T10:30:12+00:00,job-1751883542713,0,692200,61753732,0x4337002C5702CE424Cb62A56CA038e31e1D4A93d
686ef9b1e934b4dac63bd220,Created,11155111,8711436,0xe4c323b8a41fa1af2f7ac96961f7c1973ab9020a43e1d135d6fbbae326d0bbae,QmZ5ofDNa5RwNsDACGsLrkUu9XW23B3i9A8ouJHSMxV1GX,2025-07-07T10:33:24+00:00,,,,,
686ef9b1e934b4dac63bd222,Run,11155111,8711447,0x57064221394449b44913383005ae9b51f201b67f98ce9e85241eb8c5c6d867bb,QmZ5ofDNa5RwNsDACGsLrkUu9XW23B3i9A8ouJHSMxV1GX,2025-07-07T10:35:36+00:00,job-1751883542713,0,300807,58020298,0x4337001Fff419768e088Ce247456c1B892888084
686ef9b1e934b4dac63bd223,Created,11155111,8711468,0x751fae1cdb3df4a8ac2185d2b852fccd0c235572b3a44e6565e45f68a5330ab7,QmbQQhHe1oApdbhQ1JngrKLsbEw1oyoenP1JacmY9jRR6H,2025-07-07T10:39:48+00:00,,,,,
686ef9b1e934b4dac63bd225,Run,11155111,8711491,0x378d1c189fbf6065726ecd39791943e246d462b8e1356cc1147d314f8fa14614,QmbQQhHe1oApdbhQ1JngrKLsbEw1oyoenP1JacmY9jRR6H,2025-07-07T10:44:24+00:00,job-1751883542713,0,283707,57884409,0x4337011463EF6BD863E47E7b5E743D2522261131
686ef9b1e934b4dac63bd226,Created,11155111,8711537,0x456c450ba82963c9982d6e99bb94a81e0ed2872c1f7cd38122be2adf3adabb77,QmTFMVyDXnWoqxsGY6ME1he3frMNGZtC6EHAgtQYmdXsMg,2025-07-07T10:53:36+00:00,,,,,
686ef9b1e934b4dac63bd228,Created,11155111,8711562,0x76ecfdcefd999b2f3bd1b13569be706eaaa00c2be1d276abf065c4cb91c9bc94,QmRErDey9k9ciTLYSVLxcMHSsfjAfR2Edae5tuDcSRJTmz,2025-07-07T10:58:36+00:00,,,,,
686ef9b1e934b4dac63bd22a,Created,11155111,8711563,0xc6b96a76331a4455de811817bac5f850075f0200a5db5ae851c357cd5c787a35,QmPVY9YbcYuRZXQ1oGuybGJV4TsByuboyv135v4hFozyNB,2025-07-07T10:58:48+00:00,,,,,
686ef9b1e934b4dac63bd22c,Run,11155111,8711564,0xe3be9bf8bfab7aea0b8610a0bc268a870f0c3ea6f809fed81d42915abfaa181a,QmPVY9YbcYuRZXQ1oGuybGJV4TsByuboyv135v4hFozyNB,2025-07-07T10:59:00+00:00,mint-nft-job-sepolia,0,975064,91912206,0x43370108f30Ee5Ed54A9565F37af3BE8502903f5
686ef9b1e934b4dac63bd22d,Created,11155111,8711601,0x261c9694b50625ee2236f831f88630ffc6df604df4836c32d1547c2c4f269f7c,QmUhjBos2RDintWXVH26oKbsvwqwb8QEH2j7QoqWWgsrCu,2025-07-07T11:06:24+00:00,,,,,
686ef9b1e934b4dac63bd22f,Created,11155111,8711612,0xd341a632af1c314056da85ca06cbcd027ff5158829bf80804bd569fb1b2cfac9,QmeSZtjpFML3Y3VD6RsEm6TRMB7PWH9mrRBjrfoQWr8DUz,2025-07-07T11:08:36+00:00,,,,,
686ef9b2e934b4dac63bd231,Created,11155111,8718502,0x90aef0b1a81801f621391b0529cea9bffbc23796e360d71ac7b6e70a99ec2a5e,QmZcmfb7zFcG6qteC2PcLYrDCdP6R9JdUBq8y4QpRvzo9j,2025-07-08T10:08:00+00:00,,,,,
686ef9b2e934b4dac63bd233,Run,11155111,8718503,0x63e3585ff033894d629da9d24d240d15b818c8238a42b63382b709534dcf1f9b,QmZcmfb7zFcG6qteC2PcLYrDCdP6R9JdUBq8y4QpRvzo9j,2025-07-08T10:08:12+00:00,mint-nft-job-sepolia,0,940852,1319823448,0x43370146366CfEa21302962AE3a558D72bbcC487
686ef9b3e934b4dac63bd234,Created,11155111,8718718,0x79e7ed0b941d2295c6f99142f022998792d29482374322e69727af3273ebc120,QmS1zAUuaSpbCfqQzL89VkzdG2dWCR2VUFENfiin1EoYrD,2025-07-08T10:51:12+00:00,,,,,
686ef9b3e934b4dac63bd236,Created,11155111,8718740,0x40738229e8717bedef241e4f58672b7c8e6951e0e205bd0a5a1c7a2e0a1fd10f,QmTjoyQdRUJQ8LFy5NpqAYuieqALEmWKE2X26X7socaudi,2025-07-08T10:55:36+00:00,,,,,
686ef9b3e934b4dac63bd238,Created,11155111,8718749,0x1fa46943e3f266c3860717b4cb8ea3c6dbd4587f4b6f4c4488cfa8e023b7e3cb,QmWxjokHjYdDaadX3RCRYSaDqaorgBshYMdMRQ4L6Vvp2a,2025-07-08T10:57:24+00:00,,,,,
686ef9b3e934b4dac63bd23a,Run,11155111,8718750,0xa99afc2abd0f0196265ee2365080f066fb572cf8cfe4737dfb4f72dca8de6020,QmWxjokHjYdDaadX3RCRYSaDqaorgBshYMdMRQ4L6Vvp2a,2025-07-08T10:57:36+00:00,mint-nft-job-sepolia,0,940852,2908906658,0x4337009Be43c7ECc9bfbDe0F1780553Aa065187E
686ef9b3e934b4dac63bd23b,Created,11155111,8719117,0x724aca1c919ef3a8170e37949bb9f3d1bc2cc4b4732a7d300afb3f759231e8f0,QmcrjppcvtzZ5JPX938fp7YrWNBorCjQb5i1eCChsuCtz5,2025-07-08T12:11:00+00:00,,,,,
686ef9b3e934b4dac63bd23d,Run,11155111,8719118,0x3569b19176eb05e32ac4f2a5810181c4614d99dbfcad5a03c534be8ef0f88a92,QmcrjppcvtzZ5JPX938fp7YrWNBorCjQb5i1eCChsuCtz5,2025-07-08T12:11:12+00:00,mint-nft-job-sepolia,0,940864,2438526798,0x4337013eF5Cd421ceF649fC58c1B0DEFD37BBeb1
686ef9b3e934b4dac63bd23e,Created,11155111,8719215,0x6b8ecf3f47fc75675f64c9ec046ae696f67e0aec0ddb73d9cf235b3d0828699e,QmeyTNYVG2BLnW7sBy7xYCuiTFfGEJ364g54vAJZoxzGbP,2025-07-08T12:30:36+00:00,,,,,
686ef9b3e934b4dac63bd240,Run,11155111,8719216,0x6a0ebae5d679c4ec9391f9612bf3c69ea82dabb34560a5ce3fef645142e4cae4,QmeyTNYVG2BLnW7sBy7xYCuiTFfGEJ364g54vAJZoxzGbP,2025-07-08T12:30:48+00:00,mint-nft-job-sepolia,0,940876,8872197065,0x4337004ec9c1417F1c7a26EBD4B4fbed6ACf9E5d
686ef9b3e934b4dac63bd241,Created,11155111,8719228,0x3fe9db241d926e2be8362aee7c54b213659b7e9f102f33550c9c5b0e47519ea7,QmV6nJ3uu1NsCtj7FCNLQqVwNkyhkr8WRUdri8j2zEh5gX,2025-07-08T12:33:12+00:00,,,,,
686ef9b3e934b4dac63bd243,Created,11155111,8719232,0x79d4c1784d7cbf75358eacadf2ed3f46c758d9eb8a16a686054ba6362a844938,QmYRVBRGBfqZqQrjUvsG19BShQHc5jw5gMhzyUjAbSv7ZC,2025-07-08T12:34:00+00:00,,,,,
686ef9b3e934b4dac63bd245,Created,11155111,8719234,0x0e80771cc1fae9f01140a8a77ddb091fbbe3001bfcbcd889d4f5a7b675394725,QmaBniVpmLmZmUUZKi47XP1cz5PVx7SZQQD4thwCbifWBJ,2025-07-08T12:34:24+00:00,,,,,
686ef9b3e934b4dac63bd247,Created,11155111,8719239,0xc1c381c8f3d37ae73c50238fcdd151d29930859d5e6fde68547d288937444cef,QmYQcbAr2CcJCrCoJ6dR9yyM5KM7NVpVpPLZm7AZiXLYNM,2025-07-08T12:35:24+00:00,,,,,
686ef9b3e934b4dac63bd249,Run,11155111,8719241,0x3cb11e5cee8948313a76668b2a894c82bd848801fd1277dfd6df55ddace2bc97,QmYQcbAr2CcJCrCoJ6dR9yyM5KM7NVpVpPLZm7AZiXLYNM,2025-07-08T12:35:48+00:00,mint-nft-job-sepolia,0,940888,6960750139,0x4337017D2e3F5E4160a27f6FDbDc38719343c62f
686ef9b3e934b4dac63bd24a,Created,11155111,8719264,0x68f07262c635333520d2541e1286cdc35705a76d749ce975fb57ed05199aae6a,QmRoXZ7gioTd5tFQ7nPVvAT3iqv8pFWGhxE4jXopatJADS,2025-07-08T12:40:24+00:00,,,,,
686ef9b3e934b4dac63bd24c,Run,11155111,8719265,0xfcdbdb227715196bf2fc0fc881fa19246546221863df6e64bffc8a2598e461e3,QmRoXZ7gioTd5tFQ7nPVvAT3iqv8pFWGhxE4jXopatJADS,2025-07-08T12:40:36+00:00,mint-nft-job-sepolia,0,940888,6270466076,0x43370146366CfEa21302962AE3a558D72bbcC487
686ef9b9e934b4dac63bd258,Created,11155111,8719357,0x1a38c834e907a0af557dd098c5b5d5fd9dcf54b4267cb4403cdaa4d7c816bf54,QmfDnku9KJBgUe1weXDphrJgh5aqy2EtrqAF3hatEYXgdi,2025-07-08T12:59:12+00:00,,,,,
686ef9b9e934b4dac63bd25a,Run,11155111,8719358,0xe17c7aa8c78aeb7ff1416a95be7e1fc18e46da8f87b9b20459d6a0c96c28fe14,QmfDnku9KJBgUe1weXDphrJgh5aqy2EtrqAF3hatEYXgdi,2025-07-08T12:59:24+00:00,mint-nft-job-sepolia,0,940876,4701496193,0x4337001Fff419768e088Ce247456c1B892888084
686ef9b9e934b4dac63bd25b,Created,11155111,8719385,0xc7804fb5d5c00441058fc024068fb97aca8dd9af17ce156949183cb006c3ed8d,QmfMf4bcE2sv1fF2fgrmRdyXtxSB9ZnqgFT3FowZ4AN4XM,2025-07-08T13:04:48+00:00,,,,,
686ef9b9e934b4dac63bd25d,Run,11155111,8719386,0xd1c7baecbe513e2bc49783c70757e2fe9b9ceb24afa2179daf3e8fb018744567,QmfMf4bcE2sv1fF2fgrmRdyXtxSB9ZnqgFT3FowZ4AN4XM,2025-07-08T13:05:00+00:00,mint-nft-job-sepolia,0,940864,3615143854,0x4337001Fff419768e088Ce247456c1B892888084
686ef9b9e934b4dac63bd25e,Created,11155111,8719389,0x2cc04c56df4ba20f1143d65a760c3081ce84c18cc0bdbb31459fe8b4825cb6ef,QmVCT1QCQTX3fyBBeZUFKs4GCUu1cN4RxzCfrdBkHu2L3L,2025-07-08T13:05:36+00:00,,,,,
686ef9b9e934b4dac63bd260,Created,11155111,8719392,0x6cd0187211292e1b16771d54714b4c0960c57a0e1e78d5df4618a49e6fa2d2b6,QmVMoioNdmSvm7emhxCe25C94FmqSX6Mb5ou3eizpDwnwm,2025-07-08T13:06:12+00:00,,,,,
686ef9b9e934b4dac63bd262,Run,11155111,8719393,0xc5fb8b310575900e07e620126ec58146d9282fae082a07ba8b9e91b646c54eb4,QmVMoioNdmSvm7emhxCe25C94FmqSX6Mb5ou3eizpDwnwm,2025-07-08T13:06:24+00:00,mint-nft-job-sepolia,0,940888,3865876405,0x43370146366CfEa21302962AE3a558D72bbcC487
686ef9b9e934b4dac63bd263,Created,11155111,8719477,0x7096240c89fbdd02ed7db0f4d6efb13054ea0edb3f13045158925326dcd27ba5,QmSLSsm6chUXeigS8MfGnembtYFEDsb9iBCksizXwfBCFU,2025-07-08T13:23:12+00:00,,,,,
686ef9b9e934b4dac63bd265,Run,11155111,8719478,0x7b94428b04b094fc7e87e77e1b6604ad5a18a714d9b5578e6082630b2fa47105,QmSLSsm6chUXeigS8MfGnembtYFEDsb9iBCksizXwfBCFU,2025-07-08T13:23:24+00:00,mint-nft-job-sepolia,0,940864,5823158681,0x4337005db25DbAD41Da5692ba1188751eE5D98b6
686ef9bae934b4dac63bd270,Created,11155111,8726979,0x0ab33e3e77b9341a297497d16261e47fc547fe6681fc913c02d49a68a4964fe0,QmQXgHcBqSZTgjqH2i3a3bp2grHc34ZtP42sKxWBBTUXVe,2025-07-09T14:26:24+00:00,,,,,
686ef9bae934b4dac63bd272,Run,11155111,8726980,0x2215bd3d45c096f0152f647e1e4b1896407187be4682604ada962997409ddb1a,QmQXgHcBqSZTgjqH2i3a3bp2grHc34ZtP42sKxWBBTUXVe,2025-07-09T14:26:36+00:00,mint-nft-job-sepolia,0,940864,66071116,0x4337012eaf1f862B8dBDC6b62a01782AE01Ef038
686ef9bae934b4dac63bd273,Created,11155111,8727087,0x219cce9000c3f400fdd27a38dc5ceaed4fc935c45821b31443c78e38622a6385,QmdR1kXEKoUUoZ9sCgiEx1uzuUACXZaCuEUPSd3VCrPZMh,2025-07-09T14:48:00+00:00,,,,,
686ef9bbe934b4dac63bd289,Created,11155111,8727604,0x73a7f7cb1325987816ce106d80bdb07a880341fbb3d05128814792197ee4b3fa,QmdPNqXMEZUM3fp6v7NWc8q4NKTvPaL3Bf2Rm4dGJhr2on,2025-07-09T16:31:24+00:00,,,,,
686ef9bbe934b4dac63bd28b,Created,11155111,8727615,0xe69c767e1b61890e1a33122d66a1bc8fb485a58195588c3d1d6fceb0615fd50e,QmavXjWjLJ95x3Gm6muhaySPMF8C9ARrAXXnmdjsuX2fTJ,2025-07-09T16:33:36+00:00,,,,,
686ef9bae934b4dac63bd266,Created,11155111,8726395,0x49a63ab0887ab52116b026c6330d89502c52668dc1f764adf51f10c660bd30fc,QmQmVyTdkrZWa283aYJcLWJ6x4C6XNMRHZLnu55c8EpKfE,2025-07-09T12:29:24+00:00,,,,,
686ef9bae934b4dac63bd268,Run,11155111,8726396,0x8203e56f74ccf59a7cba3429cccd58a17a80c770d6b87110c4c6d582b505f180,QmQmVyTdkrZWa283aYJcLWJ6x4C6XNMRHZLnu55c8EpKfE,2025-07-09T12:29:36+00:00,mint-nft-job-sepolia,0,940852,37204348,0x4337013eF5Cd421ceF649fC58c1B0DEFD37BBeb1
686ef9bae934b4dac63bd269,Created,11155111,8726399,0xf0c5274afd28bc4e7e2cd60560eef64bff3798f550cd7ac2f7645ddedc6a0298,QmWh2sBYdJdMQFwGakXsBmUXQXQzvm2f4qM4tpthEmeryq,2025-07-09T12:30:12+00:00,,,,,
686ef9bae934b4dac63bd26b,Created,11155111,8726402,0xddd19540ae69684f710ce1da08a326f8444c7d863431464d775762dc99f17373,QmU3DKxeJzELDsBSxPPR8CqoV8fBMbXSMk4fRA6j8z6grm,2025-07-09T12:30:48+00:00,,,,,
686ef9bae934b4dac63bd26d,Created,11155111,8726548,0xc588b4e462f615b620dd2671c1c57d36814989eb8ed1853af9343fc0fef1993a,Qmcrir9dcM4ZYZkNPiSTzkj1tBq2crG7HVWYd3m7kp98J5,2025-07-09T13:00:12+00:00,,,,,
686ef9bae934b4dac63bd26f,Run,11155111,8726549,0x9eadb5ffe363f1750a91b110f47483c00aa252f0faedfac7992b5288f8a0d99a,Qmcrir9dcM4ZYZkNPiSTzkj1tBq2crG7HVWYd3m7kp98J5,2025-07-09T13:00:24+00:00,mint-nft-job-sepolia,0,940864,18525526,0x4337013eF5Cd421ceF649fC58c1B0DEFD37BBeb1
686ef9bae934b4dac63bd275,Created,11155111,8727115,0x902b872fa0ffdb061abc97813e1b167ce2473621590c732ab485fb2489612812,QmQRYU5ofXLiWDU5av13o9f2GciDw1dArJ3jqmxwUubYHv,2025-07-09T14:53:36+00:00,,,,,
686ef9bae934b4dac63bd277,Run,11155111,8727117,0x8552edd1a2365cc3d216b590efa493b133d93f5ba6d10c33c4fa29239c2bc101,QmQRYU5ofXLiWDU5av13o9f2GciDw1dArJ3jqmxwUubYHv,2025-07-09T14:54:00+00:00,job-1751886334075,0,843089,28031657,0x433700890211c1C776C391D414Cffd38efdd1811
686ef9bae934b4dac63bd278,Created,11155111,8727152,0x766213eac0c0c0800c9956a39dfb503fb85f620d86fbbba7cbc69b9ca1479365,Qmak9VivusqoBbRwNJC52D1s9zwyQL8yLe9Ak6ePNwP2JZ,2025-07-09T15:01:00+00:00,,,,,
686ef9bae934b4dac63bd27a,Run,11155111,8727153,0x47ff5caf63e9b8cb39b8ead6ae82a1205a540538624d2f88e2e4cdfd337c8b98,Qmak9VivusqoBbRwNJC52D1s9zwyQL8yLe9Ak6ePNwP2JZ,2025-07-09T15:01:12+00:00,mint-nft-job-sepolia,0,940876,32317387,0x4337013eF5Cd421ceF649fC58c1B0DEFD37BBeb1
686ef9bae934b4dac63bd27b,Created,11155111,8727498,0xe297093a718ebd3b0e2b2985cfd4e04719b2295e5252cbb273153dbd18fe6dc5,Qma6d9WXvPmFmPfjatj2AU4ZseWHPo6hhiPeTp9DQK2Q4C,2025-07-09T16:10:12+00:00,,,,,
686ef9bae934b4dac63bd27d,Created,11155111,8727506,0x46cc64e13f48f74252cca8fe3b7b52cab4b3c45e4037ce67dce8fac01d14bff5,QmV2XCHrhby6ncmsFtvZsSntpqJB7AgEZ7xBuYwk9xn4cj,2025-07-09T16:11:48+00:00,,,,,
686ef9bae934b4dac63bd27f,Created,11155111,8727513,0xc9d10a324957001b46abf4f2eeb8d4cc94c845ec6d219b8b7c96e1181e38bd57,QmShspcB1B6RSWmiKqQobFQZw3TNtXidWizZa8exBUsPUj,2025-07-09T16:13:12+00:00,,,,,
686ef9bbe934b4dac63bd281,Created,11155111,8727518,0xcfe0fc29de890afd435174d72fad3fcf329eb27d1d9ae0eb147ca45dea25e61c,QmfCQKj2f3GBrw85b53h3ycGLMmpSWYkA49RNBwu3QQQm1,2025-07-09T16:14:12+00:00,,,,,
686ef9bbe934b4dac63bd283,Run,11155111,8727520,0x6ead12f84a1cb8b3190d962a3554f6bf4afdd207b50fece847ec3b3f73897bb0,QmfCQKj2f3GBrw85b53h3ycGLMmpSWYkA49RNBwu3QQQm1,2025-07-09T16:14:36+00:00,job-1751886334075,0,758314,40553703,0x43370108f30Ee5Ed54A9565F37af3BE8502903f5
686ef9bbe934b4dac63bd284,Created,11155111,8727526,0x4deb6c2ca2f75a0a63be58b610c9fdf3ceda5a954a5ba847869028578f89acf3,QmTkJq7ShH1pNpJr5WmCgsu5DScq4k5upCtkGdSUNxp9vV,2025-07-09T16:15:48+00:00,,,,,
686ef9bbe934b4dac63bd286,Created,11155111,8727559,0x24b6d87937d9cda1f334609ec1fcc11c8af9cab6858dfc31feba90d685eaa1d0,QmQwTnQsjQsf3atM3xAxFHpE2MKGdrtjbAz9zwGJyxeh1q,2025-07-09T16:22:24+00:00,,,,,
686ef9bbe934b4dac63bd288,Run,11155111,8727561,0x84c275416d50cb2107b1e2e600a24f7dc380d22aae5a11a70b2d9af00142ddc0,QmQwTnQsjQsf3atM3xAxFHpE2MKGdrtjbAz9zwGJyxeh1q,2025-07-09T16:22:48+00:00,mint-nft-job-sepolia,0,940876,27465868,0x4337015333e7c8a3c5af4ACD2c4aA4bEfb0D663C
686ef9bbe934b4dac63bd28d,Created,11155111,8727618,0x70af9a1557532458e3b926c80e173300a5a1622ad5b2e41da72aa365499a14d0,Qmbzbem4hTUHRU8KnH3aVohAzKZf6V7YvWdaJBVQnJejkk,2025-07-09T16:34:12+00:00,,,,,
686ef9bbe934b4dac63bd28f,Run,11155111,8727619,0x9d34e93defd863ec001019cf04fa5fcf03124647337445ea9bd8763d29aa5492,Qmbzbem4hTUHRU8KnH3aVohAzKZf6V7YvWdaJBVQnJejkk,2025-07-09T16:34:24+00:00,mint-nft-job-sepolia,0,940864,18060939,0x4337020f43D3d7d2F5E4160397EfeA49AEfa5E7D
686ef9bbe934b4dac63bd290,Created,11155111,8727622,0x7fcb3186fae3f34d28aa93ab2d4239b0a87800dd08b3be328ec778a4be46ee7e,QmP9pUkfrm8PdnsTY1tmLLNnwwEyRgFuXWeDEQRjPckb9o,2025-07-09T16:35:00+00:00,,,,,
686ef9bbe934b4dac63bd292,Created,11155111,8727633,0x668aebb7b8cc9550961191912e8a4456ea89206f279f7a14da5e48efa7dfe968,QmTxoLZwXCmkCFYyyaZAGbiSj6vbqB2kzqGBxoPWgPTFW8,2025-07-09T16:37:12+00:00,,,,,
686ef9bbe934b4dac63bd294,Created,11155111,8727636,0xa7fe2a53f7a28e5705c828840acb9b109045b1f5ca9dcf8b8a46606acda5a43c,QmWf3EHBBAhfcADLXSuh3hBfgTA1dtvAvxdGrkm6ap8jTE,2025-07-09T16:37:48+00:00,,,,,
686ef9bbe934b4dac63bd296,Created,11155111,8727640,0x4e95dfa680abd129eca84142ec49baf5e4b5b50d5c5e8bfd06008b8a43f4bea5,QmZ7BEAC1E8NHGziPGuP2Hw1E4eTpPnTWsimiosnUuHnQq,2025-07-09T16:38:36+00:00,,,,,
686ef9bbe934b4dac63bd298,Created,11155111,8727646,0x6176673ccb95bc176003eae3a70b8ac418fa8be3017f839a30542323f4fad96b,QmNymHCkWyJinPq4HjEv1EBE4pa9Ye1sTooZ6i3XwB7PiY,2025-07-09T16:39:48+00:00,,,,,
686ef9bbe934b4dac63bd29a,Created,11155111,8727648,0x672f418c676ed655e9fca6c9a1d98bc79a678b4d5411450d1732fc6e686693e7,QmWkMaHboyeEyvZCn5QXKhgYcWc8bhppzaxXaVBhgQKekt,2025-07-09T16:40:12+00:00,,,,,
686ef9bbe934b4dac63bd29c,Run,11155111,8727650,0x949f05a61eaad4b8fe780f4a9b3a4a94df85e9ba20c858a9fc98b7bc976e0094,QmWkMaHboyeEyvZCn5QXKhgYcWc8bhppzaxXaVBhgQKekt,2025-07-09T16:40:36+00:00,mint-nft-job-sepolia,0,940852,15226652,0x4337006f33e2940FcbEbD899bF2396117E65dF9B
686ef9bbe934b4dac63bd29d,Created,11155111,8727665,0xf7794a60a35ca480b58bc0dd29552adf139ce02670767dc6febb055b06bbdee9,QmctAdY7LwVh5J63sTHAMKcWUPZrcymSp5J5UE7SCwPosm,2025-07-09T16:43:48+00:00,,,,,
686ef9bbe934b4dac63bd29f,Created,11155111,8727678,0x194e291397f9b0b83308e9c7ab59f6e16f5a1b3e52cdf384c963f5dfc35425b8,QmRUqTyEaWoExrFtcTHK3AEn3X5ivXMSgAFwbC4DYAWDSM,2025-07-09T16:46:24+00:00,,,,,
686ef9bbe934b4dac63bd2a1,Run,11155111,8727679,0x90f4427ca9979b8ca3950b9a79d3dc27f1b1545baaab0bc71a573d107f9e8c5e,QmRUqTyEaWoExrFtcTHK3AEn3X5ivXMSgAFwbC4DYAWDSM,2025-07-09T16:46:36+00:00,mint-nft-job-sepolia,0,940864,14999111,0x4337005db25DbAD41Da5692ba1188751eE5D98b6
686ef9bbe934b4dac63bd2a2,Created,11155111,8727689,0xf3497e73e86f3df812d752ce9b49ff8d678ed5ec6e93280aff7677858af75495,QmUMjrRFd4tigzgkJ3pG8PPA4dNS22Y21iKorBjEUdSuVn,2025-07-09T16:48:36+00:00,,,,,
686ef9bbe934b4dac63bd2a4,Run,11155111,8727694,0x13b596741eeda8b6e835232c4b67f296d48651e1dad5cbf68cae69e49c41e78c,QmUMjrRFd4tigzgkJ3pG8PPA4dNS22Y21iKorBjEUdSuVn,2025-07-09T16:49:36+00:00,job-1751886334075,0,843125,10611285,0x4337012eaf1f862B8dBDC6b62a01782AE01Ef038
686f93d4e934b4dac63bd2a5,Created,11155111,8732941,0xa5f3369febcb5e538e642ca44a655b15c5bedaab4be7b5f49d4406375aa5aedc,QmZYxCjH27HPgVu5vFNQmLTEc8KwPHG8rpRQ2aYEECsdRF,2025-07-10T10:19:36+00:00,,,,,
686f9c5ce934b4dac63bd2a7,Created,11155111,8733123,0x155461815911157c39ccb217cd00382fa89a487540cc0562c629aab71f970028,QmWJpdcDF4w33dRrJn8hvKPaC2eGKmNPyePkAkJLhHZd5m,2025-07-10T10:56:00+00:00,,,,,
686f9c98e934b4dac63bd2a9,Created,11155111,8733128,0x5b554fb54989beb4782a3de5647218ee6167ced0eb31754ed0a9f44906138499,QmQHqedHddpSsbddMUKvSinBkZAPGayb5TsG8DhjMUMuFH,2025-07-10T10:57:00+00:00,,,,,
686fdfabe934b4dac63bd2ab,Created,11155111,8734558,0xb7f9ec0a99ec3d573fe7a815bf44c1b823355871a2edd239220d388ec562a3f4,QmPupF2vUUHytC9tdYDaFH9KLducuRoAhW3UL5VnJtVEtB,2025-07-10T15:43:12+00:00,,,,,
686fdfb5e934b4dac63bd2ad,Run,11155111,8734559,0xa49edf6541e1b4ffa1c9d1e734c2b20b9e977ae527c979bbad4ea2c9945f6ba5,QmPupF2vUUHytC9tdYDaFH9KLducuRoAhW3UL5VnJtVEtB,2025-07-10T15:43:24+00:00,mint-nft-job-sepolia,0,940876,2260262,0x4337003fcD2F56DE3977cCb806383E9161628D0E
686fe113e934b4dac63bd2ae,Created,11155111,8734588,0xcbcbec2befaac56baf9894d7c46b8dff11cfde4a0793cdcc2aff831cb49c6d57,QmWBLNhTuGuSudt7uZ8Yk4QCjM6C1EWhHXiVorRdLdsNkr,2025-07-10T15:49:12+00:00,,,,,
686fe178e934b4dac63bd2b0,Created,11155111,8734596,0x5deeb9f7a0772de7142880ddf1b0e63417bb9bf482aa60ca6870b1808b52ebea,QmSTpmkrqwwMyn8r2vmErL5TDnRgJpE3R3895RuCVUviWD,2025-07-10T15:50:48+00:00,,,,,
686fe240e934b4dac63bd2b2,Created,11155111,8734613,0xe4ebb3fae59f09cfba2ddbcd9af85845a5bc193ea9c24774d0f9825d577f424e,Qmeg8Ls2rkQaJUadbc4msqbnDWXSGz2Kd7d3dMk1MdP7fa,2025-07-10T15:54:12+00:00,,,,,
686fe24ae934b4dac63bd2b4,Run,11155111,8734614,0xcd6799ab69fa75f1c37a9b814b60a2a9b12bc6ab8cb4efcf837107b87e949cf1,Qmeg8Ls2rkQaJUadbc4msqbnDWXSGz2Kd7d3dMk1MdP7fa,2025-07-10T15:54:24+00:00,mint-nft-job-sepolia,0,1049064,1704957,0x4337006f33e2940FcbEbD899bF2396117E65dF9B
686fe77ee934b4dac63bd2b5,Created,11155111,8734725,0x0dd8b466c7f8dfb5d2e63c5371e42991641d05a37b9d88722c3f10ba1de24bc2,QmT1TEwFYEcScdBGuUiuHsz5VS2mkskktSh26TyYdR2rjQ,2025-07-10T16:16:36+00:00,,,,,
686fe789e934b4dac63bd2b7,Run,11155111,8734726,0x5073238b8658932bded1e488f466760f2a6978fc04f65f7d2293427469fdc78f,QmT1TEwFYEcScdBGuUiuHsz5VS2mkskktSh26TyYdR2rjQ,2025-07-10T16:16:48+00:00,mint-nft-job-sepolia,0,940912,1574277,0x4337016838785634c63Fce393bfc6222564436C4
686fed85e934b4dac63bd2b8,Created,11155111,8734852,0x9e69b523a9c9c996f5dd547d0000ac8aa8ac591c38587d4610d5f307c63d55d0,Qmdsp6SkxYDuBJe7qcx2gEfLTTKsM8AFFQGLLMWotn7sF3,2025-07-10T16:42:12+00:00,,,,,
686feebce934b4dac63bd2ba,Created,11155111,8734878,0xf813415e41c3e35fec68e39ad966bf4f632695ad2690f7032c3dcc62462fbaae,QmRHHRvZm2TAJEs9driWkQvhB5dV8uWT8NAuXxTbzSyh66,2025-07-10T16:47:24+00:00,,,,,
686fef0ce934b4dac63bd2bc,Created,11155111,8734885,0xf6b58090b374b5b8b10466d02cf10a19f10c48e15eec4e4f2e18c1f27c39188b,Qmbx5PNfY7xpEgHe4J7d3uGGvUSTMdqTe5UyXzddqSB7rb,2025-07-10T16:48:48+00:00,,,,,
686fefcae934b4dac63bd2be,Run,11155111,8734901,0x76baceaaa72db37cb3fd23d346adaa1c6ca47220e0c0d449c116fb2aab1af171,Qmbx5PNfY7xpEgHe4J7d3uGGvUSTMdqTe5UyXzddqSB7rb,2025-07-10T16:52:00+00:00,mint-nft-job-sepolia,0,940900,1786032,0x4337003fcD2F56DE3977cCb806383E9161628D0E
686ff0a7e934b4dac63bd2bf,Created,11155111,8734919,0x9ad1525983b60fa33d44257d6517403a76afe2ed4a35eb55dfc95396cb0c6261,QmeMjoLK1f5wLSXGcgHekVBEEN4TxgE185iNHPEKVzDpp5,2025-07-10T16:55:36+00:00,,,,,
686ff3fae934b4dac63bd2c1,Created,11155111,8734990,0xb3a28873b1faef13817d3707d6952f6f4fcaeada92394489251f9211d189d67a,QmUfofi36nJvfH86ug7YiPLdtqaVqcWAzBT64oJUX83veb,2025-07-10T17:09:48+00:00,,,,,
686ff852e934b4dac63bd2c3,Created,11155111,8735083,0xd3013381bd6fba8548df1102fdacae33edcb9d262af4619b66e60eae98623eb4,QmYmnLY9smmeVSnLv26CMJnmXFuK5LMp1TUhmTN1R3DA8b,2025-07-10T17:28:24+00:00,,,,,
686ff9b1e934b4dac63bd2c5,Run,11155111,8735112,0xf5e854416218f75a57250b43ff5c1296976c23bebc14a14ae03485dd19714deb,QmYmnLY9smmeVSnLv26CMJnmXFuK5LMp1TUhmTN1R3DA8b,2025-07-10T17:34:12+00:00,job-1752168423484,0,843137,1625874,0x4337011463EF6BD863E47E7b5E743D2522261131
686ff9cfe934b4dac63bd2c6,Created,11155111,8735114,0xc883cbe65d5191575f326d266bfde86fa1626c82d9ebba4b873c9fce9cda0510,QmT89aV7P1SZfjbp7jvjxn4evV16HKTXiE8bLQ8vzzxLcK,2025-07-10T17:34:36+00:00,,,,,
68700b75e934b4dac63bd2c8,Created,11155111,8735491,0x2d8705777056c20449d68d02ff4de13f2033c4ddd924c92b55391671887baf70,QmbRtCvtT3yXf8a5Bqs3NgSi2WLWJjUWBSYg2xCnKuNqXq,2025-07-10T18:50:00+00:00,,,,,
68700bbbe934b4dac63bd2ca,Run,11155111,8735497,0x2c91a56012107c104a15816812b57c8477722d9d66635f42a7eaeefff19fbbc2,QmbRtCvtT3yXf8a5Bqs3NgSi2WLWJjUWBSYg2xCnKuNqXq,2025-07-10T18:51:12+00:00,price-check-job,0,719074,1135667,0x4337017D2e3F5E4160a27f6FDbDc38719343c62f
68702bbee934b4dac63bd2cb,Created,11155111,8736180,0x37c0f26fafdd44333cab8f5ff7775ef7bc24637a626c4ea60295620d9741baa0,QmVEf673K9CZXpJyZyanAmXAaSKqeAciCZ7q93bg3ENbjk,2025-07-10T21:07:48+00:00,,,,,
68702fb2e934b4dac63bd2cd,Created,11155111,8736264,0xb02fe682cc38e70207a5d700b373ea93e49e65271dd36a0068bfa93367a5d5aa,QmV4Wn7jfRmbvsFWKbAc3wnUDNQvhgu1kpF1fD7wpdx6Qf,2025-07-10T21:24:36+00:00,,,,,
687030ace934b4dac63bd2cf,Created,11155111,8736285,0x0bd8e16cd80cf8052218c1270742a2a8e5375ec4313676d39c7811bcbb949a63,QmeGfEiePMFWNDpuxdmBnzCsUhL8WzENKBQVbVNJEZ3Udo,2025-07-10T21:28:48+00:00,,,,,
68703192e934b4dac63bd2d1,Created,11155111,8736304,0xf2c32920b8b906493341be005297858a836e21b01101e80b231405b5f86c2de4,QmRq59XAHaQd2ZM6Yy13VLm9pz4MvCUZm519VJ5RZLzhvK,2025-07-10T21:32:36+00:00,,,,,
687033cde934b4dac63bd2d3,Created,11155111,8736352,0x9a685a8d1a3cc0e85280781ed5e6bc0705a468d678e4d5d1d58f897599e84600,QmaEm1cP61LU5PYb63xxxeMr3g7ihaBKijmgW7b4YWbm4x,2025-07-10T21:42:12+00:00,,,,,
687035f4e934b4dac63bd2d5,Created,11155111,8736398,0x692410507a2858948c82410fd7878127822982f732e30ba34fd2d1cde6ed2238,QmdAxZS7UBQ19DEwBhwYHV2mhfanXpfbVEweeW74wbHrSL,2025-07-10T21:51:24+00:00,,,,,
68704049e934b4dac63bd2d7,Created,11155111,8736618,0xe35daf2232e54b42a57ae43f91ff5a4d1b9fa235c25f84555998880400671a96,QmUCh5nqpcJG8VQaruGy94CmFZFFBqUGGNn5uhgUKU4psU,2025-07-10T22:35:24+00:00,,,,,
